{"cameraMode":{"drawMode":0,"name":"Shaded","section":"Shading Mode"},"sceneLighting":false,"audioPlay":false,"sceneViewState":{"showFog":true,"showMaterialUpdate":false,"showSkybox":true,"showFlares":true,"showImageEffects":true,"showParticleSystems":true},"in2DMode":false,"pivot":{"x":39.80828857421875,"y":121.19025421142578,"z":-223.23013305664063},"rotation":{"x":-0.05700461566448212,"y":0.9405126571655273,"z":-0.2694304287433624,"w":-0.1989888995885849},"size":423.60247802734377,"orthographic":false}