{"cameraMode":{"drawMode":0,"name":"Shaded","section":"Shading Mode"},"sceneLighting":false,"audioPlay":false,"sceneViewState":{"showFog":true,"showMaterialUpdate":false,"showSkybox":true,"showFlares":true,"showImageEffects":true,"showParticleSystems":true},"in2DMode":false,"pivot":{"x":66.25700378417969,"y":-92.67929077148438,"z":-284.65826416015627},"rotation":{"x":0.0577976256608963,"y":0.9223754405975342,"z":-0.3503469228744507,"w":0.15216657519340516},"size":161.34091186523438,"orthographic":false}