{"cameraMode":{"drawMode":0,"name":"Shaded","section":"Shading Mode"},"sceneLighting":true,"audioPlay":false,"sceneViewState":{"showFog":true,"showMaterialUpdate":false,"showSkybox":true,"showFlares":true,"showImageEffects":true,"showParticleSystems":true},"in2DMode":false,"pivot":{"x":27.674209594726564,"y":-4.980000019073486,"z":-182.79983520507813},"rotation":{"x":-0.01388750784099102,"y":-0.9555698037147522,"z":0.29088759422302248,"w":-0.04561819136142731},"size":37.21706771850586,"orthographic":false}